Protein Reference,Acessiongenome,Species,Definition,proteins,blasts,products
KND23406.1,908301349,Streptomyces europaeiscabiei,"Streptomyces europaeiscabiei strain NCPPB 4064 genomic scaffold scf_63908_85.1, whole genome shotgun sequence","['IQ60_37650', 'IQ60_37655', 'IQ60_37660', 'IQ60_37665']","['MTATFDEAVRARLRAANIWYVGTVFADGAPQVSPMWVDLEGDGELTFNTSKGRVKEENLRRDPRVYLSHADAVDPFDRVQISGEVTRFVEGDEAHERMDRLARKYLGSERFEWTMPGEQRVAVIVRPVKVRHIVGVERFRPGGPVPAP', 'MKHRIVVLGAGYAGAFAAGNLARRLSPADTEITVVNAAPDFVERMRLHQLASGQDLTSRKLADVFAGTGVRLRLARVTAVDPEHRTVAVTGEGGSGELAYDTLLYALGSSVAHHDVPGAAEYAFDVAGRSSALRLRERLAGLDEGGTVLVVGEGLTGIETATELAESHPGLSVALAARGELGAWLSPKARRHLRGAFDRLGVTVHEHTSVEAVEPTRVIAADGRSIPAEVTVWSAGFAVHPIAAAGGLEVAGTGQIIVDRTMRSVSHPDVYAAGDCAYAIGENGRPLPMSCASAGLTNMQATAAIIARLTGREVPATGLKYFGNHISLGRRDAIFQMVDGDVRSKAWYLGGRTAARLKAGVLKGAGWGIAHPTFGLPKRRHRLAAAPGRTGARVAA']","[""oxidoreductase'}, {"", ""oxidoreductase'}, {""]"
KFK85317.1,674710586,Streptomyces sp. JS01,"Streptomyces sp. JS01 contig24, whole genome shotgun sequence","['IX27_34180', 'IX27_34185']",['MPSVPSITLNNGVTIPQLGFGTFQIPPDETCETTVAALETGYRHIDTAQMYGNEKEVGQAVRESGLDRADVFVTSKLNNGAHAPDEALRAFDRSLEELGFDYLDLFLIHWPLPGGPGDFVETWKTLEEIYRSGRAKAIGVSNFQENHLRRLLDSSTVVPAVNQIEVHPYLTQEPLRAFGAEHDIATEAWSPIAQGKVLSDPAIARIAERVGKTPAQVVLRWHLQRGDIVFPKSVTLKRIQDNFALFDFELTEGDIGEIAALNRDERTGPDPDTFNG'],"[""oxidoreductase'}, {""]"
CAC14338.1,30407153,Streptomyces coelicolor A3(2),Streptomyces coelicolor A3(2) complete genome,[],[],[]
EOY45473.1,509515407,Streptomyces lividans 1326,"Streptomyces lividans 1326 chromosome, whole genome shotgun sequence",[],[],[]
EYT82482.1,604049329,Streptomyces sp. Tu 6176,"Streptomyces sp. Tu 6176 genomic scaffold scaffold00001, whole genome shotgun sequence","['CF54_13035', 'CF54_13040']",['MPLEGEYEPSPTQWVREQVELYESSGGTEGTTLRDTGLPVILLTTRGARSGKLRKTPLMRVEHDGRYAVVASQGGAPQHPFWYFNLVADPRVALRDGPVERDMTAREVTGAEKAEWWERAVAAFPPYAEYQEKTSREIPVFVLEPADGH'],"[""nitroreductase'}, {""]"
KPI27335.1,930396707,Actinobacteria bacterium OV320,"Actinobacteria bacterium OV320 ctg35, whole genome shotgun sequence",[],[],[]
EGG48062.1,329304106,Streptomyces griseoaurantiacus M045,"Streptomyces griseoaurantiacus M045 Contig027, whole genome shotgun sequence","['SGM_1635', 'SGM_1636', 'SGM_1650', 'SGM_1651']","['MPSPARWTAALTLSAAAVCGPLALPAAAAHAAPAGPASLYAPTALVLSVGHGERAADATAERAVTLSCAPTPSGTHPAPAEACAELRTVDGDPASLSPGDGVLCTKEYDPVVVTVEGVWRGKRLSYERSFANPCVKNAYGPAVFAF', 'MTRHWADFQYEIYLNGMTGAVPRLPTDLTRLEEMAERRLGPGPVGYVAGSAGDGSTARANRAALERHRIVPRMLRDVHERDLSVEVLGRPLPAPLALAPVGVLSIMHPEAESAAARAATALGVPFTLSSASSTPLEEVARASGEGERWFQLYWAKDREVTRSFLRRAKAAGFTALFVTLDTPLLAWRPRDLDQAYLPFLRGVGTANYFTDPAFAAGLAKPVHEDPDAAVLHFVNMFADPGKTWPDLAFLRENWDGPIVLKGVLHPDDARLAAEAGMDGVVVSNHGGRQVAGSLAAADALPAVAAAVGDRLTILFDSGIRTGDDVVKALALGAEAVLLGRPYAYGLGLDGQAGVEHVLRCVLAELDLTLALSGHAGVGTLTREVLTQAPL', 'MTAAPREHVPLRRTIPNTSIAVTELGFGASAIGNLYRVTPYDEAAAAVDAAWEAGLRYFDTAPHYGLGLSERRLGVALRGRPREDFVLSSKVGRLLVPNESPRGVDSEGFVVRDDLRRQWDFSRDGVLRSLEASLERTGLDRIDIVYLHDPDDHWRQAAEEAMPALAKLRDQGVIGAIGAGMNRSAMLARFLRETAADVVMLAGRYTLLDQSALDDVLPAARKHGKSVVAVGVFNSGLLSRDRPVPGMKYDYEDAPPELVARALEIAEVCERYGTSLPAAAIAFPYTHPSVVNVTLGVRTADHVRRNVELHRGTVPEALWDELRAQGLIRPDVPRAALTARDPTA']","[""oxidoreductase'}, {"", ""oxidoreductase'}, {""]"
KFG71786.1,672405129,Streptomyces mutabilis,"Streptomyces luteus strain TRM 45540 genomic scaffold Scaffold3, whole genome shotgun sequence","['FM21_31875', 'FM21_31880']",['MPLEGEYEPSPTRWVREQVELYESSGGTKGTTLKDTGMPVIVLTTRGARSGRIRKTPLMRVEHDGRYAVVASLGGAPKHPVWYHNVKADPRVELQDGPVKQDMTAREVTGAEKAVWWERAVAAYPPYADYQEKTEREIPVFVLEPAGGS'],"[""nitroreductase'}, {""]"
KOU03532.1,925367482,Streptomyces sp. NRRL F-4711,"Streptomyces sp. NRRL F-4711 P348contig19.1, whole genome shotgun sequence","['ADK87_09195', 'ADK87_09200']",['MPLDGEYEPSPTQWVREQVELYESSGGTKGTTLRDTGLPVIVLTTRGARSGKLRKTPLMRVEHEGRYAAVASLGGAPKHPVWYFNVLADPHVELQDGPVKRDMTAREVTGAEKAQWWERAVAAFPSYADYQEKTDREIPVFVLEPADAG'],"[""nitroreductase'}, {""]"
KOX47357.1,925624628,Streptomyces sp. NRRL F-7442,"Streptomyces sp. NRRL F-7442 P447contig25.1, whole genome shotgun sequence","['ADL09_14635', 'ADL09_14640']",['MPLDGEYEPSPTQWVREQVELYESSGGTKGTTLRDTGLPVIVLTTRGARSGKLRKTPLMRVEHEGRYAAVASLGGAPKHPVWYFNVLADPHVQLQDGPVKRDMTAREVTGAEKAQWWERAVAAFPSYADYQEKTDREIPVFVLEPADAG'],"[""nitroreductase'}, {""]"
EFE64903.1,221716440,Streptomyces viridosporus ATCC 14672,"Streptomyces ghanaensis ATCC 14672 supercont1.1 genomic scaffold, whole genome shotgun sequence",[],[],[]
KDN75785.1,640933032,Streptomyces olindensis,"Streptomyces olindensis strain DAUFPE 5622, whole genome shotgun sequence","['DF19_19760', 'DF19_19765']",['MPLEGEYEPSPTQWVRKQVELYESSGGTRGTTLQGSDMPVVVLTSRGARSGKLRKNPVMRVEHEGRYAAVASLGGAPKHPVWYFNLKSDPHVELQDGPVKRDMTAREVTGAEKAEWWERAVAAYPVYAEYQKKTDREIPVFVLEPAEDD'],"[""nitroreductase'}, {""]"
KJK40575.1,770202003,Streptomyces variegatus,"Streptomyces variegatus strain NRRL B-16380 contig-2, whole genome shotgun sequence","['UK15_05850', 'UK15_05855']",['MPLEGEYEPSPTQWVRKQVELYESSGGTEGTTLQGSKMPVVVLTSRGARSGKLRKTPVMRVEHEGRYAVVASLGGSPKHPVWYFNLRADPHVELQDGPVKRDMTAREVTGEEKAAWWERAVAAYPAYDDYQKKTDREIPVFVLEPGETG'],"[""nitroreductase'}, {""]"
KOV96901.1,925571419,Streptomyces sp. NRRL B-1140,"Streptomyces sp. NRRL B-1140 P439contig4.1, whole genome shotgun sequence","['ADK65_27090', 'ADK65_27095']",['MPLEGEYEPSPTQWVRKQVELYESSGGTEGTTLQGSKMPVVVLTSRGARSGKLRKTPVMRVEHEGRYAAVASLGGSPKHPVWYFNLRADPHVELQDGPVKRDMTAREVTGEEKAAWWERAVAAYPAYADYQKKTDRDIPVFVLEPAEEG'],"[""nitroreductase'}, {""]"
EFL36717.1,224461117,Streptomyces viridochromogenes DSM 40736,"Streptomyces viridochromogenes DSM 40736 genomic scaffold supercont1.1, whole genome shotgun sequence","['SSQG_07237', 'SSQG_07238']","['MTEQAARKPFLYVVVCAAGIAADVSKLITAAQERDWETGVIATPVAMNGFFDTAAVEALTGRPIRSAWRTPAEPRPFPAPDAVVVAPATFNTVNKWAAGIADTLALGTLCEAAGLGVPIAVLPCVADALAAHPAYRDSLERLRDMGVRFGEPYTGEPGDDGARPEFGWERALDLLERG', 'MQYVKLGSTGLDVSRICLGCMTYGLPDRGRHEWTLTEEASRPLIRQAVEAGINFFDTANVYSDGTSEEIVGRALRDFARRDDIVLATKVHGRMRPGPNGGGLSRKAILTELDQSLTRLGTDYVDLYQIHRFDPHTPVEETMEALHDVVKAGKVRYIGASSMYAWQFSKAQYTARLNGWTRFVSMQNHYNLIYREEEREMLPLCADQGVGVLPWSPLARGRLTRDWDTTTERSATDTFGSNLYQEGDRTIVEAVTRIATDRAVPRAQVALAWLLHQSTVTAPVIGASKPRHLEDAVAAVELRLSDKELEELESPYTAHSVAGH']",['aldo/keto reductase']
ARP68783.1,1190228685,Streptomyces pluripotens,"Streptomyces pluripotens strain MUSC 135 chromosome, complete genome","['LK06_001150', 'LK06_001155', 'LK06_001180', 'LK06_001185', 'LK06_001230']","['MTQSGVRRSGTESAAPRARGSALWRLKVRLQFTGWLQYLPTVCIALAFALVAAAGWVIGAWPVILFWLPAGAASLLLVTFVFDLVTVKLGLHPVEAVPERRDGLGAFDLMRARRSCRSFQSRDLAPAHRTELMESVRAHTRPDRLIGSSPVRMEYIAAPLTVWPVVGAHEFLVAIAPRTYDRLAVVDVGRSLQKVVLDATRMGLATCWIGPGADQKSVVQHLGDRFDPEKDHVICVCAVGYRSRFMPSAIRAMQTLQHRRLPLASLFFADPHFREPLDVTRFPWEAYGRCYEVCQWAPSSFNGQTTRCAAVVEPNGGEERPVRFDFCASTTSRYYAPVALGIWCANWETGCQELDINGHFAVLSPGERGVQGAPELPRYDVSWVVDHPATT', 'MPLEGEYEPSPTQWVREQVELYESSGGTKGTTLRDTGLPVIILTTRGAKSGKIRKTPLMRVEHGGAYAVVASQAGAPKHPVWYFNVAADPHVELQDGPVKRDMRAREVTGAEKAEWWRRAVAAYPPYADYQRKTSREIPIFVLERLG', 'MSPTALQSGPAGTPPGIPVVDITATGPGRTPIQQVMKLMRAHGPVLVRRLYGRDVTFISDADLVADLADEERFAKHIGPALENVRAFTADGLFTAYNDEPNWAKAHDILMPAFALGSMRTYHPAMVTVVRRLVASWDRAACTGQPVDVPGDMTRMTLDTIGLAGFGYDFGSFARDEPHPFVESMVRCLEWSMTRMGRAPGTDHTTADRAFRRDADYLAAVVDEVIASRVGAGSYGADDLLGLMLGASHPADGTTLDPANIRNQVITFLIAGHETTSGAVSFALYYLAKNPAVLRLVQREVDALWGDTPDPEPAYDDIGRLTYTRQVLNEALRLWPTAAAFSRHARVDTLLGGRLPLRAGQAVTVLTPMLHRQPLWGDNPEQFDPERFTRQAESARPVHAFKPFGTGERACIGRQFALHEATMLLATLVHRYRLHDHADYQLTVKETLTLKPEGLTLTLTPRTPVDRVHVPLPGTPFASTGAGPAPDTLPARVRPGTRALFLHGSNYGTCRAFAAQLADEAAAAGCATEVAALNAYAGGLPTDRPVVITAASYNGRPTDDANAFTAWLDGTPDLTGVSYAVLGIGDRNWAATYQQVPTRIDARLAELGAARLTDRAAADASGDLGGTVAEFTTRLCTSLLQRYGDPDATPDAPAESVHAYEVRTLSGGPLDRAAERHGLVPMTVTEAYDLTAPGHPRTKRFVRLALPEGVSYRTGDHLAVLPVNAPALVERAVTALGLDPDVVLDIRGTRPRRDGLAVDRPLTVRQLLTHHVELQQRPGVRQLSRLAEVNPCPPEQTALAALTGDDPRTLVELAEDHPALRGALGWPLLLDLLAPLRPRHYSISSSPAAHPSHVDLMVS']","[""nitroreductase'}, {"", ""nitroreductase'}, {"", ""reductase'}, {'GBQu""]"
EST35783.1,560207408,Streptomyces roseochromogenus subsp. oscitans DS 12.976,"Streptomyces roseochromogenes subsp. oscitans DS 12.976 chromosome, whole genome shotgun sequence","['M878_04480', 'M878_04485', 'M878_04555']","['MPLEGEYEPSPTQWVREQVELYESSGGTKGTTLMDTGLPVVVLTTRGAKSGKIRKTPLMRVEHDGTYAVVASQGGAPKHPVWYFNITSDPHVELQDGPVKQDMRAREITGEEKARWWERAVAAYPPYADYQKKTSREIPIFVLEPFAGS', 'MPPTALHPDPAGTLPGVPVVDITATGPGRTPMQQIMELMRAHGPVLVRRLHGRDVLFVADADLVADLADEERFAKHIGPALENVREFAADGLFTAYNDEPNWARAHDILMPAFALGSMRTYHPVMFKVARRLIDSWDRAARDGRAVDVADDMTRMTLDTIGLAGFDYDFGSFERSEPHPFVESMVRCLEWSMNRLARTPGQDYSAADTAFRADADHLAQVVDDVIASRAGTDQSGAEDLLGLMLSAPHPADGTTLDAANIRNQVITFLIAGHETTSGAMSFALYYLAKHPAVLRLVQRETDALWGDAADPEPAYDEVGRLTYTRQVLNEALRLWPTAAAFSRHALEDTLLGGRIPLQAGQAVTVVGPMLHRQPVWGDNPEHFDPERFTAEAEAARPVHAFKPFGTGERACIGRQFALHEATMLLALLVHRYRLHDHADYRLTVKETLTLKPEGFTLTLTPRTPADRVHAPLPGAARPQEDGTPAPDTLPARVRPGTGVLFLHGSNYGTCRAFAAQLADEAAAMGCATEVGALDAFADGLPTDRPVVITAASYNGRPTDDAGAFVAWLEGSPDLTGVSYAVLGVGDRNWAATYQHVPTRIDARLAELGATRLTDRAAADASGDLTGTVREFTARLRTALLTEYGDPDALPGTSAEPAHAYEVRMVNGGPLDALAARHELVPMTVTEAYDLTVPGYPRTKRFLRVALPEGVTYRTADHLTVLPANAPDVVERAVAAFGLDSAAVLDIRAARPRRWGSPRASGAERGGGLAVDRPLSVRQLLTYYVELQERPTARQLALLAEANPCPPERAALAALGDDDPRTLLELAEDHPALRGALDWPLLLDLLTPLRPRPYS']","[""nitroreductase'}, {"", ""P450 reductase'}, {""]"
KOV96704.1,925571793,Streptomyces sp. NRRL B-3648,"Streptomyces sp. NRRL B-3648 P438contig27.1, whole genome shotgun sequence","['ADL04_16485', 'ADL04_16490']",['MPLEGEYEPSPTQWVREQVELYESSGGTKGTTLQNTGMPVIVLTTRGAKSGKIRKTPLMRVEHEGRYAAVASLGGAPKHPVWYFNVKSDPHVEVQDGPVKRDMRAREATGAEKAAWWERAVAAYPPYADYQEKTSREIPVFVLEPLDES'],"[""nitroreductase'}, {""]"
SEE11113.1,1089465120,Streptomyces misionensis,"Streptomyces misionensis strain DSM 40306 genome assembly, contig: Ga0074753_14, whole genome shotgun sequence",[],[],[]
SCF99365.1,1052378290,Streptomyces sp. LamerLS-31b,"Streptomyces sp. LamerLS-31b genome assembly, contig: Ga0115258_1230, whole genome shotgun sequence",[],[],[]
EDY59906.1,297146501,Streptomyces sviceus ATCC 29083,"Streptomyces sviceus ATCC 29083 chromosome, whole genome shotgun sequence","['SSEG_06420', 'SSEG_06419']","['MTEQDEIPPFLYVVVCAAGIAADVGKLITAAQEREWHVGVIATPTAMNGFFDVAAVEAQTGYPIRSAWRRPGDARPFPDPDAVVVAPATFNTINKWAAGIADTLAVGTLCEVVGRGIPVGVLTCVSDDLAAHPAYQDSLIRLRGMGVRFGYPYQGTEDEEFRWERALDLVEPGRY', 'MQYVKLGSTGLDVSRICLGCMSYGLPDRGVHEWTLDEEASRPLIRQALDAGINFFDTANVYSDGTSEEIVGKALADFANRDEIVLATKVHGRMRSGQNAAGLSRKAIMTEIDHSLRRLGTDYVDLYQIHRFDPHTPVEETMEALHDLVKAGKVRYLGASSMYAWQFSKMQYTAERHGWTRFVSMQNHYNLLYREEEREMLPLCADQGVSALPWSPLARGRLTRDWGTVTDRSSTDDFGSRLYQEGDRTIVEAVSRIAGERGVPRAQVALAWLLAQDTVAAPIVGAGKPHHIEDAVAAVELELSDKEIEELEAPYTARPIVGHG']",['aldo/keto reductase']
KOU61778.1,925428842,Streptomyces sp. MMG1533,"Streptomyces sp. MMG1533 P407contig4.1, whole genome shotgun sequence","['ADK57_26765', 'ADK57_26770']",['MPLEGEYEPSPEQWVRDQVELYESSGGTEGTTLRDTGLPVILLTTRGAKSGKIRKTPLMRVEHEGSYAVVASQGGAPKHPVWFHNIKADPHVELQDGPVKQDMTAREVTGAEKAAWWERSVAAYPPYADYQKKTDRDIPVFVLEPSDRS'],"[""nitroreductase'}, {""]"
GAT79746.1,1026352521,Streptomyces sp. F-3,"Streptomyces sp. F-3 DNA, scaffold: Scaffold143_002, whole genome shotgun sequence","['STXM2123_450', 'STXM2123_451', 'STXM2123_462', 'STXM2123_461']","['MTSALVAGLLAGCGIAVPVGAVGIRLVILASRTSLRTGLCAALGAATADGLCALPAAGAADDGARVQLRDHRAGGTDAGVAGMSGCTRKSGCLQRRCPARWERGGNGMKGSGADVE', 'MPLEGEYEPSPTQWVREQVELYESSGGTKGTTLMDTGMPVVVLTSLGARSGKIRKTPLMRVEHDGRYAVVASQGGAPRHPSWYFNLKANPRVELQDGPVKQDMMAREVTGAEKAEWWERAVAAFPPYAEYQQKTSREIPVFVLEPIG', 'MCPLALIGVLFTNIPGRFVGPPVRLAGDAGLGRPLSPVVAAVLHLALLRLFPGPRAVLGPEGPRPARAVDVPVPPTTGPGAPDADPVAVSSAARS']","[""nitroreductase'}, {"", ""nitrate reductase'}""]"
KOU45892.1,925411995,Streptomyces sp. MMG1522,"Streptomyces sp. MMG1522 P406contig8.1, whole genome shotgun sequence",[],[],"[""oxidoreductase'}, {""]"
GAO12330.1,743399981,Streptomyces lydicamycinicus,"Streptomyces sp. NBRC 110027 DNA, contig: TPA059810, whole genome shotgun sequence","['TPA0598_10_03160', 'TPA0598_10_03170']",['MVIVTGAGTGIGRATAHAFAAEGARVLVVGRRPGPLAETAAGAGPGCGEIVPYVADITADGVPEELVRHAVETFGRLDVLVNNAAVVGSGALGSFTKEGMGPLLATNLVAPVLLTQAAVPQLERAGGVVVNISTSVGQRGWPGNAVYAATKTGLELLTRSWAVELAPRGVRVVAVAPGAIETPIARHQGWSPEQREALREWQIAHTPLGRVGSPEEVAWAVTRLAAPEASFVTGVVLPVDGGAVVG'],"[""oxidoreductase'}, {""]"
KOT31671.1,925292181,Streptomyces rimosus subsp. rimosus,"Streptomyces rimosus subsp. rimosus strain NRRL WC-3909 P217contig5.1, whole genome shotgun sequence",[],[],"[""ketoreductase'}, {'""]"
KNB51076.1,902960692,Streptomyces caatingaensis,"Streptomyces caatingaensis strain CMAA 1322 contig11, whole genome shotgun sequence","['AC230_18150', 'AC230_18155']",['MGAVGLGCMPMHWAYTASQQSGEGALRTVHAALDAGASLLDTADMYGPFTNELLVGRVLRERRAEAFVSTKCGLLVGDQHIVANGRPGYVKRACDASLRRLQTDVIDLYQLHRPDPEVPVEETWGAMADLVAAGKVRALGWCAIGVRAHRRSRGGLFDATIRHLERVQQVFPVSSVQAELSLWSREALDALAPWCASRGVGLLAAMPLGNGFLSGTLTPGQGFEPEDIRARHPRFTAEMMAANQPIVAGLRRVAARHGATPAQVALAWVLAQGRHVIPVPGTKKEHWARENAGAAEVALSEGDLAELNALPAARGSWD'],"[""oxidoreductase'}, {""]"
EFL13459.1,224461113,Streptomyces sp. C,"Streptomyces sp. C genomic scaffold supercont1.1, whole genome shotgun sequence","['SSNG_00718', 'SSNG_00719', 'SSNG_00728', 'SSNG_00729']","['MTLEHHRVVITAAGRDFGRTLALGFAARGAEVHLSARTEEAARRVREEIIAQGHDAARVHAHACDLTDPASVRAFAGAVAARTDHVDVLVNNGSRYQHGTDLLSASDEDIVDTLASGATGTVLATKAFLPLLLKSAKPDIVTMVSGCGEAGNHRSDAHDAFYAAKSAQAGFTESLSRRLRGRGVRVISLYPPDFANHDPLSPAWEDAPRTAQDPLTAQSLVDCVFFAVGQPRDCFIKSFYFEQTGTELTH', 'MRAMAYGTYGGTEVLAETRLPVPKVAPGEVLVRVRCAAVNPVDWKIMSGGLDGLMDTVFPVVPGWDVSGTVERVGIDAPEFAVGDAVMGYARKDWVHGGTFAEFVSVPVRCLAAKPVSLDWRQAAGLPLAGLTAYQLLTRLGTGRGDTVLVHGAAGGVGTLGVQIAAALGARVIGTASPRNHDRLRGLGCEPVAYGDGLTERVRALRPRGRHRRRRLRRGRHRRHPRRPRRGRTPRLLRRPHSPWGRAASGCGSAPSRENSPPWAASPTRAARRSRSPRASRSPKSRPPSP']","[""oxidoreductase'}, {"", ""oxidoreductase'}, {""]"
KOY54053.1,926669001,Streptomyces sp. XY332,"Streptomyces sp. XY332 P409contig61.1, whole genome shotgun sequence","['ADK59_32230', 'ADK59_32235']",['MQKILVIGGSRYFGKHLVTLLREAGDEVTVLNRGSAAPPPGVGRLVADRDDAAQLIAALGGRTFDTVVDQVCYTPLQAAVARRVFAGRTARYVMTSTMEVYDPAPPTPGARAYAEGKRQAEAVFRGAGEDGSPFGFAAVRTAHVLGGGREEFTGRLAHYVGRIAAGTPVDVHAAPYPTSFIHHREIARFLQWAAGQSFTGAVDAASHGALDVLGLCELVADRVGRPARHRIVEQGAPASPFSFDRAYALDNGRATGLGFGFGRVADWLPGAIAEELAEEPARAAR'],"[""reductase'}, {'GBQu""]"
